{"cameraMode":{"drawMode":0,"name":"Shaded","section":"Shading Mode"},"sceneLighting":true,"audioPlay":false,"sceneViewState":{"m_AlwaysRefresh":false,"showFog":true,"showSkybox":true,"showFlares":true,"showImageEffects":true,"showParticleSystems":true,"showVisualEffectGraphs":true,"m_FxEnabled":true},"in2DMode":false,"pivot":{"x":425.6400146484375,"y":15.714363098144532,"z":116.91999816894531},"rotation":{"x":0.18820807337760926,"y":-0.5283888578414917,"z":0.1214364618062973,"w":0.8189420700073242},"size":25.623332977294923,"orthographic":true}